{"F0_Acc": [2.0, 2.0, 1.9696969696969697], "F0_Loss": [0.6668514609336853, 0.6574241320292155, 0.5804985165596008], "F0_Labels": [], "F0_Preds": [], "F1_Acc": [1.9696969696969697, 2.0, 1.9393939393939394], "F1_Loss": [0.6368698477745056, 0.5799043377240499, 0.5407258073488871], "F1_Labels": [], "F1_Preds": [], "F2_Acc": [2.0, 2.0, 1.9696969696969697], "F2_Loss": [0.6539882818857828, 0.6029675801595052, 0.545363704363505], "F2_Labels": [], "F2_Preds": [], "F3_Acc": [2.0, 2.0, 2.0], "F3_Loss": [0.7096084952354431, 0.6471978425979614, 0.5678802132606506], "F3_Labels": [], "F3_Preds": [], "F4_Acc": [2.0, 2.0, 2.0], "F4_Loss": [0.6999344627062479, 0.6480433940887451, 0.5982354680697123], "F4_Labels": [], "F4_Preds": []}